actor,target_group,path_nodes,path_relations,path_length,action_suggestion,priority_score
KRBTGT@DOAZLAB.COM,,[],[],0,investigate_actor_simulated,5
DOADMIN@DOAZLAB.COM,,[],[],0,investigate_actor_simulated,5
BHORRARAH@DOAZLAB.COM,,[],[],0,investigate_actor_simulated,5
ANNMARIE_COHEN@DOAZLAB.COM,,[],[],0,investigate_actor_simulated,5
BCLEAVER@DOAZLAB.COM,,[],[],0,investigate_actor_simulated,5
SPENCER_KNOWLES@DOAZLAB.COM,,[],[],0,investigate_actor_simulated,5
EZRA_CUMMINGS@DOAZLAB.COM,,[],[],0,investigate_actor_simulated,5
JEFF_MULLINS@DOAZLAB.COM,,[],[],0,investigate_actor_simulated,5
CLIKEN@DOAZLAB.COM,,[],[],0,investigate_actor_simulated,5
MARIAN_VALENTINE@DOAZLAB.COM,,[],[],0,investigate_actor_simulated,5
TOBY_WOODARD@DOAZLAB.COM,,[],[],0,investigate_actor_simulated,5
GEORGIA_CANTU@DOAZLAB.COM,,[],[],0,investigate_actor_simulated,5
MINDY_BROCK@DOAZLAB.COM,,[],[],0,investigate_actor_simulated,5
LEE_MATHEWS@DOAZLAB.COM,,[],[],0,investigate_actor_simulated,5
BART_SNOW@DOAZLAB.COM,,[],[],0,investigate_actor_simulated,5
SYSMONSVC@DOAZLAB.COM,,[],[],0,investigate_actor_simulated,5
3291982832SA@DOAZLAB.COM,,[],[],0,investigate_actor_simulated,5
ELLIS_DONALDSON@DOAZLAB.COM,,[],[],0,investigate_actor_simulated,5
CELESTE_FREEMAN@DOAZLAB.COM,,[],[],0,investigate_actor_simulated,5
WINFRED_MENDOZA@DOAZLAB.COM,,[],[],0,investigate_actor_simulated,5
TRENT_MATHIS@DOAZLAB.COM,,[],[],0,investigate_actor_simulated,5
ALISA_PERKINS@DOAZLAB.COM,,[],[],0,investigate_actor_simulated,5
INA_MURRAY@DOAZLAB.COM,,[],[],0,investigate_actor_simulated,5
NANETTE_FARRELL@DOAZLAB.COM,,[],[],0,investigate_actor_simulated,5
9621193281SA@DOAZLAB.COM,,[],[],0,investigate_actor_simulated,5
DELORES_WARD@DOAZLAB.COM,,[],[],0,investigate_actor_simulated,5
SHAUNA_WHITNEY@DOAZLAB.COM,,[],[],0,investigate_actor_simulated,5
CLINT_EWING@DOAZLAB.COM,,[],[],0,investigate_actor_simulated,5
VIRGINIA_DAVENPORT@DOAZLAB.COM,,[],[],0,investigate_actor_simulated,5
ENRIQUE_BUCKLEY@DOAZLAB.COM,,[],[],0,investigate_actor_simulated,5
MARCELO_VINSON@DOAZLAB.COM,,[],[],0,investigate_actor_simulated,5
WILL_DELANEY@DOAZLAB.COM,,[],[],0,investigate_actor_simulated,5
CLARK_RIVERA@DOAZLAB.COM,,[],[],0,investigate_actor_simulated,5
MARK_BOONE@DOAZLAB.COM,,[],[],0,investigate_actor_simulated,5
MAGDALENA_MCCONNELL@DOAZLAB.COM,,[],[],0,investigate_actor_simulated,5
ROBERT_RAYMOND@DOAZLAB.COM,,[],[],0,investigate_actor_simulated,5
DARLENE_JENKINS@DOAZLAB.COM,,[],[],0,investigate_actor_simulated,5
JACKLYN_CABRERA@DOAZLAB.COM,,[],[],0,investigate_actor_simulated,5
SOLOMON_ROWLAND@DOAZLAB.COM,,[],[],0,investigate_actor_simulated,5
YONG_TODD@DOAZLAB.COM,,[],[],0,investigate_actor_simulated,5
ELSIE_DODSON@DOAZLAB.COM,,[],[],0,investigate_actor_simulated,5
KAREEM_MADDOX@DOAZLAB.COM,,[],[],0,investigate_actor_simulated,5
LAURI_UNDERWOOD@DOAZLAB.COM,,[],[],0,investigate_actor_simulated,5
CLAYTON_RUSSO@DOAZLAB.COM,,[],[],0,investigate_actor_simulated,5
MARSHA_FLETCHER@DOAZLAB.COM,,[],[],0,investigate_actor_simulated,5
JACKSON_LESTER@DOAZLAB.COM,,[],[],0,investigate_actor_simulated,5
MIKE_MARTIN@DOAZLAB.COM,,[],[],0,investigate_actor_simulated,5
LAVERNE_BRANCH@DOAZLAB.COM,,[],[],0,investigate_actor_simulated,5
BETTY_GREEN@DOAZLAB.COM,,[],[],0,investigate_actor_simulated,5
ANDREA_BASS@DOAZLAB.COM,,[],[],0,investigate_actor_simulated,5
EARNEST_EVANS@DOAZLAB.COM,,[],[],0,investigate_actor_simulated,5
CORNELIUS_FRAZIER@DOAZLAB.COM,,[],[],0,investigate_actor_simulated,5
WILBURN_DUNLAP@DOAZLAB.COM,,[],[],0,investigate_actor_simulated,5
NXLOGSVC@DOAZLAB.COM,,[],[],0,investigate_actor_simulated,5
EDMUND_BRIGHT@DOAZLAB.COM,,[],[],0,investigate_actor_simulated,5
MURIEL_LIVINGSTON@DOAZLAB.COM,,[],[],0,investigate_actor_simulated,5
WALTER_MACK@DOAZLAB.COM,,[],[],0,investigate_actor_simulated,5
LOIS_EVERETT@DOAZLAB.COM,,[],[],0,investigate_actor_simulated,5
MYRON_HEBERT@DOAZLAB.COM,,[],[],0,investigate_actor_simulated,5
JEANNINE_JACKSON@DOAZLAB.COM,,[],[],0,investigate_actor_simulated,5
WALLACE_GAMBLE@DOAZLAB.COM,,[],[],0,investigate_actor_simulated,5
HERMINIA_CRANE@DOAZLAB.COM,,[],[],0,investigate_actor_simulated,5
THOMAS_ROBERSON@DOAZLAB.COM,,[],[],0,investigate_actor_simulated,5
AILEEN_RIVAS@DOAZLAB.COM,,[],[],0,investigate_actor_simulated,5
TROY_TRAVIS@DOAZLAB.COM,,[],[],0,investigate_actor_simulated,5
HUMBERTO_BOND@DOAZLAB.COM,,[],[],0,investigate_actor_simulated,5
HARVEY_WEAVER@DOAZLAB.COM,,[],[],0,investigate_actor_simulated,5
JACQUES_BRAY@DOAZLAB.COM,,[],[],0,investigate_actor_simulated,5
FIDEL_MCFADDEN@DOAZLAB.COM,,[],[],0,investigate_actor_simulated,5
LETHA_DELGADO@DOAZLAB.COM,,[],[],0,investigate_actor_simulated,5
BERTHA_BREWER@DOAZLAB.COM,,[],[],0,investigate_actor_simulated,5
SIDNEY_ROSE@DOAZLAB.COM,,[],[],0,investigate_actor_simulated,5
ALISHA_SMITH@DOAZLAB.COM,,[],[],0,investigate_actor_simulated,5
VALERIE_CALDWELL@DOAZLAB.COM,,[],[],0,investigate_actor_simulated,5
JARROD_HULL@DOAZLAB.COM,,[],[],0,investigate_actor_simulated,5
IVY_KRAMER@DOAZLAB.COM,,[],[],0,investigate_actor_simulated,5
SANDRA_BARTON@DOAZLAB.COM,,[],[],0,investigate_actor_simulated,5
INA_GREGORY@DOAZLAB.COM,,[],[],0,investigate_actor_simulated,5
ROSARIO_BECKER@DOAZLAB.COM,,[],[],0,investigate_actor_simulated,5
MACK_LAWRENCE@DOAZLAB.COM,,[],[],0,investigate_actor_simulated,5
WILLIE_PARRISH@DOAZLAB.COM,,[],[],0,investigate_actor_simulated,5
HAL_SAUNDERS@DOAZLAB.COM,,[],[],0,investigate_actor_simulated,5
MARIE_PARKER@DOAZLAB.COM,,[],[],0,investigate_actor_simulated,5
LORA_HERRING@DOAZLAB.COM,,[],[],0,investigate_actor_simulated,5
ISABELLA_JACOBSON@DOAZLAB.COM,,[],[],0,investigate_actor_simulated,5
ELIAS_MERRILL@DOAZLAB.COM,,[],[],0,investigate_actor_simulated,5
LENARD_BURCH@DOAZLAB.COM,,[],[],0,investigate_actor_simulated,5
TOBY_STEELE@DOAZLAB.COM,,[],[],0,investigate_actor_simulated,5
CHUCK_SOLOMON@DOAZLAB.COM,,[],[],0,investigate_actor_simulated,5
ADAM_POOLE@DOAZLAB.COM,,[],[],0,investigate_actor_simulated,5
RICKEY_LANGLEY@DOAZLAB.COM,,[],[],0,investigate_actor_simulated,5
MOHAMED_RICE@DOAZLAB.COM,,[],[],0,investigate_actor_simulated,5
JANIE_MYERS@DOAZLAB.COM,,[],[],0,investigate_actor_simulated,5
MIGUEL_MCCLAIN@DOAZLAB.COM,,[],[],0,investigate_actor_simulated,5
TERI_KANE@DOAZLAB.COM,,[],[],0,investigate_actor_simulated,5
CARMINE_DEAN@DOAZLAB.COM,,[],[],0,investigate_actor_simulated,5
JANINE_WYATT@DOAZLAB.COM,,[],[],0,investigate_actor_simulated,5
BENNETT_PIERCE@DOAZLAB.COM,,[],[],0,investigate_actor_simulated,5
COURTNEY_NEWTON@DOAZLAB.COM,,[],[],0,investigate_actor_simulated,5
IRIS_FOLEY@DOAZLAB.COM,,[],[],0,investigate_actor_simulated,5
GAYLE_MCPHERSON@DOAZLAB.COM,,[],[],0,investigate_actor_simulated,5
LENARD_STOKES@DOAZLAB.COM,,[],[],0,investigate_actor_simulated,5
DONALD_MCGEE@DOAZLAB.COM,,[],[],0,investigate_actor_simulated,5
BRENDAN_HERRERA@DOAZLAB.COM,,[],[],0,investigate_actor_simulated,5
8260098846SA@DOAZLAB.COM,,[],[],0,investigate_actor_simulated,5
QUINTON_HORNE@DOAZLAB.COM,,[],[],0,investigate_actor_simulated,5
ALLISON_MULLEN@DOAZLAB.COM,,[],[],0,investigate_actor_simulated,5
DARRYL_GREGORY@DOAZLAB.COM,,[],[],0,investigate_actor_simulated,5
MURIEL_HARDING@DOAZLAB.COM,,[],[],0,investigate_actor_simulated,5
9842455516SA@DOAZLAB.COM,,[],[],0,investigate_actor_simulated,5
ELLA_MACK@DOAZLAB.COM,,[],[],0,investigate_actor_simulated,5
GERTRUDE_GRIMES@DOAZLAB.COM,,[],[],0,investigate_actor_simulated,5
DOLLIE_BURTON@DOAZLAB.COM,,[],[],0,investigate_actor_simulated,5
INA_MONTGOMERY@DOAZLAB.COM,,[],[],0,investigate_actor_simulated,5
ROSA_HAYES@DOAZLAB.COM,,[],[],0,investigate_actor_simulated,5
JANA_KOCH@DOAZLAB.COM,,[],[],0,investigate_actor_simulated,5
7874179025SA@DOAZLAB.COM,,[],[],0,investigate_actor_simulated,5
RICO_MARQUEZ@DOAZLAB.COM,,[],[],0,investigate_actor_simulated,5
BERTIE_BRANCH@DOAZLAB.COM,,[],[],0,investigate_actor_simulated,5
BRADFORD_CLEMENTS@DOAZLAB.COM,,[],[],0,investigate_actor_simulated,5
KELLEY_MORTON@DOAZLAB.COM,,[],[],0,investigate_actor_simulated,5
HERMAN_CARNEY@DOAZLAB.COM,,[],[],0,investigate_actor_simulated,5
GREGG_TOWNSEND@DOAZLAB.COM,,[],[],0,investigate_actor_simulated,5
VICKI_KEITH@DOAZLAB.COM,,[],[],0,investigate_actor_simulated,5
DEVIN_STUART@DOAZLAB.COM,,[],[],0,investigate_actor_simulated,5
DONN_MCKENZIE@DOAZLAB.COM,,[],[],0,investigate_actor_simulated,5
WESLEY_ENGLAND@DOAZLAB.COM,,[],[],0,investigate_actor_simulated,5
NOEMI_HIGGINS@DOAZLAB.COM,,[],[],0,investigate_actor_simulated,5
JONAS_GILLESPIE@DOAZLAB.COM,,[],[],0,investigate_actor_simulated,5
EDDIE_FOWLER@DOAZLAB.COM,,[],[],0,investigate_actor_simulated,5
WINFRED_RAMIREZ@DOAZLAB.COM,,[],[],0,investigate_actor_simulated,5
LAMONT_ROGERS@DOAZLAB.COM,,[],[],0,investigate_actor_simulated,5
LORNA_BERG@DOAZLAB.COM,,[],[],0,investigate_actor_simulated,5
MAC_ROBERTS@DOAZLAB.COM,,[],[],0,investigate_actor_simulated,5
ARLINE_PECK@DOAZLAB.COM,,[],[],0,investigate_actor_simulated,5
BROCK_MCGOWAN@DOAZLAB.COM,,[],[],0,investigate_actor_simulated,5
DENA_PACE@DOAZLAB.COM,,[],[],0,investigate_actor_simulated,5
ARNULFO_PRUITT@DOAZLAB.COM,,[],[],0,investigate_actor_simulated,5
CELESTE_COMPTON@DOAZLAB.COM,,[],[],0,investigate_actor_simulated,5
LAURENCE_DELACRUZ@DOAZLAB.COM,,[],[],0,investigate_actor_simulated,5
MILAGROS_GRAY@DOAZLAB.COM,,[],[],0,investigate_actor_simulated,5
BERNADINE_GAINES@DOAZLAB.COM,,[],[],0,investigate_actor_simulated,5
EMIL_CRAIG@DOAZLAB.COM,,[],[],0,investigate_actor_simulated,5
JOANN_RUTLEDGE@DOAZLAB.COM,,[],[],0,investigate_actor_simulated,5
COLLEEN_RAMOS@DOAZLAB.COM,,[],[],0,investigate_actor_simulated,5
CATHY_ESTES@DOAZLAB.COM,,[],[],0,investigate_actor_simulated,5
CARRIE_BERNARD@DOAZLAB.COM,,[],[],0,investigate_actor_simulated,5
DEWEY_SCHMIDT@DOAZLAB.COM,,[],[],0,investigate_actor_simulated,5
GRACIELA_ESTES@DOAZLAB.COM,,[],[],0,investigate_actor_simulated,5
DARRELL_BATES@DOAZLAB.COM,,[],[],0,investigate_actor_simulated,5
ZACHARIAH_LEBLANC@DOAZLAB.COM,,[],[],0,investigate_actor_simulated,5
DENISE_PARKS@DOAZLAB.COM,,[],[],0,investigate_actor_simulated,5
RUSS_CAIN@DOAZLAB.COM,,[],[],0,investigate_actor_simulated,5
JILLIAN_SANDERS@DOAZLAB.COM,,[],[],0,investigate_actor_simulated,5
DEREK_HOLLAND@DOAZLAB.COM,,[],[],0,investigate_actor_simulated,5
ARTHUR_VILLARREAL@DOAZLAB.COM,,[],[],0,investigate_actor_simulated,5
CRISTINA_SWEET@DOAZLAB.COM,,[],[],0,investigate_actor_simulated,5
7467005486SA@DOAZLAB.COM,,[],[],0,investigate_actor_simulated,5
HUGH_WILKINS@DOAZLAB.COM,,[],[],0,investigate_actor_simulated,5
DOLLY_HINES@DOAZLAB.COM,,[],[],0,investigate_actor_simulated,5
RICKY_BLAIR@DOAZLAB.COM,,[],[],0,investigate_actor_simulated,5
ROBERTA_WHITEHEAD@DOAZLAB.COM,,[],[],0,investigate_actor_simulated,5
REINALDO_LARSON@DOAZLAB.COM,,[],[],0,investigate_actor_simulated,5
RYAN_GREER@DOAZLAB.COM,,[],[],0,investigate_actor_simulated,5
LORIE_DONALDSON@DOAZLAB.COM,,[],[],0,investigate_actor_simulated,5
ENID_CHERRY@DOAZLAB.COM,,[],[],0,investigate_actor_simulated,5
PAULETTE_MCKEE@DOAZLAB.COM,,[],[],0,investigate_actor_simulated,5
SYLVESTER_ROBERSON@DOAZLAB.COM,,[],[],0,investigate_actor_simulated,5
KURT_EVERETT@DOAZLAB.COM,,[],[],0,investigate_actor_simulated,5
BENITA_MORRISON@DOAZLAB.COM,,[],[],0,investigate_actor_simulated,5
LUCAS_MCNEIL@DOAZLAB.COM,,[],[],0,investigate_actor_simulated,5
COLE_REILLY@DOAZLAB.COM,,[],[],0,investigate_actor_simulated,5
NELLIE_SHANNON@DOAZLAB.COM,,[],[],0,investigate_actor_simulated,5
LESLIE_WITT@DOAZLAB.COM,,[],[],0,investigate_actor_simulated,5
ANNA_BRIDGES@DOAZLAB.COM,,[],[],0,investigate_actor_simulated,5
KATHERINE_KENNEDY@DOAZLAB.COM,,[],[],0,investigate_actor_simulated,5
DOLLY_CRAWFORD@DOAZLAB.COM,,[],[],0,investigate_actor_simulated,5
OLLIE_MCKAY@DOAZLAB.COM,,[],[],0,investigate_actor_simulated,5
EMILE_HENSLEY@DOAZLAB.COM,,[],[],0,investigate_actor_simulated,5
CHUCK_RIVERA@DOAZLAB.COM,,[],[],0,investigate_actor_simulated,5
AUGUSTA_HUNTER@DOAZLAB.COM,,[],[],0,investigate_actor_simulated,5
LILY_CHAPMAN@DOAZLAB.COM,,[],[],0,investigate_actor_simulated,5
ERNEST_ARMSTRONG@DOAZLAB.COM,,[],[],0,investigate_actor_simulated,5
DELMER_SEXTON@DOAZLAB.COM,,[],[],0,investigate_actor_simulated,5
MARGARITO_BLACK@DOAZLAB.COM,,[],[],0,investigate_actor_simulated,5
VICKI_BARR@DOAZLAB.COM,,[],[],0,investigate_actor_simulated,5
BERNADETTE_NORTON@DOAZLAB.COM,,[],[],0,investigate_actor_simulated,5
FAUSTINO_HUNTER@DOAZLAB.COM,,[],[],0,investigate_actor_simulated,5
MARGO_COLLINS@DOAZLAB.COM,,[],[],0,investigate_actor_simulated,5
MARA_MEADOWS@DOAZLAB.COM,,[],[],0,investigate_actor_simulated,5
MANUEL_RICE@DOAZLAB.COM,,[],[],0,investigate_actor_simulated,5
TOMMY_REILLY@DOAZLAB.COM,,[],[],0,investigate_actor_simulated,5
DARLENE_WALTER@DOAZLAB.COM,,[],[],0,investigate_actor_simulated,5
ELNORA_MAYS@DOAZLAB.COM,,[],[],0,investigate_actor_simulated,5
EDGAR_WATKINS@DOAZLAB.COM,,[],[],0,investigate_actor_simulated,5
KIRBY_BEASLEY@DOAZLAB.COM,,[],[],0,investigate_actor_simulated,5
GALEN_SNYDER@DOAZLAB.COM,,[],[],0,investigate_actor_simulated,5
ROD_HANSEN@DOAZLAB.COM,,[],[],0,investigate_actor_simulated,5
KEVIN_ABBOTT@DOAZLAB.COM,,[],[],0,investigate_actor_simulated,5
ALFONSO_HOWELL@DOAZLAB.COM,,[],[],0,investigate_actor_simulated,5
VILMA_DALTON@DOAZLAB.COM,,[],[],0,investigate_actor_simulated,5
LAURI_MALDONADO@DOAZLAB.COM,,[],[],0,investigate_actor_simulated,5
JACQUES_ORTIZ@DOAZLAB.COM,,[],[],0,investigate_actor_simulated,5
KERMIT_SALAS@DOAZLAB.COM,,[],[],0,investigate_actor_simulated,5
MARGARITA_MILES@DOAZLAB.COM,,[],[],0,investigate_actor_simulated,5
DEANN_BLANCHARD@DOAZLAB.COM,,[],[],0,investigate_actor_simulated,5
SARAH_MCCARTHY@DOAZLAB.COM,,[],[],0,investigate_actor_simulated,5
DIANN_CONRAD@DOAZLAB.COM,,[],[],0,investigate_actor_simulated,5
TAMMIE_TERRY@DOAZLAB.COM,,[],[],0,investigate_actor_simulated,5
ELDON_WILCOX@DOAZLAB.COM,,[],[],0,investigate_actor_simulated,5
TRENTON_LOPEZ@DOAZLAB.COM,,[],[],0,investigate_actor_simulated,5
WINSTON_MEADOWS@DOAZLAB.COM,,[],[],0,investigate_actor_simulated,5
692531382SA@DOAZLAB.COM,,[],[],0,investigate_actor_simulated,5
5683792489SA@DOAZLAB.COM,,[],[],0,investigate_actor_simulated,5
JEANINE_PATE@DOAZLAB.COM,,[],[],0,investigate_actor_simulated,5
MARYANN_PARSONS@DOAZLAB.COM,,[],[],0,investigate_actor_simulated,5
KRISTINA_WALLS@DOAZLAB.COM,,[],[],0,investigate_actor_simulated,5
8233703816SA@DOAZLAB.COM,,[],[],0,investigate_actor_simulated,5
ELNORA_HINES@DOAZLAB.COM,,[],[],0,investigate_actor_simulated,5
ROLAND_WOOD@DOAZLAB.COM,,[],[],0,investigate_actor_simulated,5
SAMMY_ROBINSON@DOAZLAB.COM,,[],[],0,investigate_actor_simulated,5
1480026329SA@DOAZLAB.COM,,[],[],0,investigate_actor_simulated,5
CELINA_SHANNON@DOAZLAB.COM,,[],[],0,investigate_actor_simulated,5
TIFFANY_HARTMAN@DOAZLAB.COM,,[],[],0,investigate_actor_simulated,5
GAIL_HATFIELD@DOAZLAB.COM,,[],[],0,investigate_actor_simulated,5
RODGER_MAXWELL@DOAZLAB.COM,,[],[],0,investigate_actor_simulated,5
CAROL_ELLISON@DOAZLAB.COM,,[],[],0,investigate_actor_simulated,5
SHANNA_DAVID@DOAZLAB.COM,,[],[],0,investigate_actor_simulated,5
MARION_ARMSTRONG@DOAZLAB.COM,,[],[],0,investigate_actor_simulated,5
LELAND_CASH@DOAZLAB.COM,,[],[],0,investigate_actor_simulated,5
DARLA_WHITNEY@DOAZLAB.COM,,[],[],0,investigate_actor_simulated,5
TAD_BRYAN@DOAZLAB.COM,,[],[],0,investigate_actor_simulated,5
ILENE_RILEY@DOAZLAB.COM,,[],[],0,investigate_actor_simulated,5
EVERETT_MARSHALL@DOAZLAB.COM,,[],[],0,investigate_actor_simulated,5
ENRIQUE_CARRILLO@DOAZLAB.COM,,[],[],0,investigate_actor_simulated,5
JIMMIE_COLLIER@DOAZLAB.COM,,[],[],0,investigate_actor_simulated,5
ZACHARIAH_BREWER@DOAZLAB.COM,,[],[],0,investigate_actor_simulated,5
BONNIE_MATTHEWS@DOAZLAB.COM,,[],[],0,investigate_actor_simulated,5
LETA_MIDDLETON@DOAZLAB.COM,,[],[],0,investigate_actor_simulated,5
BLAINE_WYNN@DOAZLAB.COM,,[],[],0,investigate_actor_simulated,5
GARY_CARR@DOAZLAB.COM,,[],[],0,investigate_actor_simulated,5
TRUMAN_LOVE@DOAZLAB.COM,,[],[],0,investigate_actor_simulated,5
6945180013SA@DOAZLAB.COM,,[],[],0,investigate_actor_simulated,5
LILA_HOLCOMB@DOAZLAB.COM,,[],[],0,investigate_actor_simulated,5
MARTIN_CARNEY@DOAZLAB.COM,,[],[],0,investigate_actor_simulated,5
OWEN_KNIGHT@DOAZLAB.COM,,[],[],0,investigate_actor_simulated,5
MILDRED_SOLOMON@DOAZLAB.COM,,[],[],0,investigate_actor_simulated,5
JOSEPH_FIGUEROA@DOAZLAB.COM,,[],[],0,investigate_actor_simulated,5
LANCE_CAMERON@DOAZLAB.COM,,[],[],0,investigate_actor_simulated,5
BRENT_LEON@DOAZLAB.COM,,[],[],0,investigate_actor_simulated,5
BERNADINE_HARRINGTON@DOAZLAB.COM,,[],[],0,investigate_actor_simulated,5
WESLEY_FOLEY@DOAZLAB.COM,,[],[],0,investigate_actor_simulated,5
LINA_HUFFMAN@DOAZLAB.COM,,[],[],0,investigate_actor_simulated,5
DIANE_WALTER@DOAZLAB.COM,,[],[],0,investigate_actor_simulated,5
RUBY_REYNOLDS@DOAZLAB.COM,,[],[],0,investigate_actor_simulated,5
HERSCHEL_ESTRADA@DOAZLAB.COM,,[],[],0,investigate_actor_simulated,5
ALBERT_SANDERS@DOAZLAB.COM,,[],[],0,investigate_actor_simulated,5
LEE_HEBERT@DOAZLAB.COM,,[],[],0,investigate_actor_simulated,5
IRVING_MACK@DOAZLAB.COM,,[],[],0,investigate_actor_simulated,5
WANDA_CLARKE@DOAZLAB.COM,,[],[],0,investigate_actor_simulated,5
VIRGIL_FRANKLIN@DOAZLAB.COM,,[],[],0,investigate_actor_simulated,5
ELLA_HERMAN@DOAZLAB.COM,,[],[],0,investigate_actor_simulated,5
HOWARD_FRY@DOAZLAB.COM,,[],[],0,investigate_actor_simulated,5
9651022131SA@DOAZLAB.COM,,[],[],0,investigate_actor_simulated,5
HOWARD_NUNEZ@DOAZLAB.COM,,[],[],0,investigate_actor_simulated,5
VIVIAN_ONEAL@DOAZLAB.COM,,[],[],0,investigate_actor_simulated,5
ASHLEE_FIELDS@DOAZLAB.COM,,[],[],0,investigate_actor_simulated,5
HIRAM_BUCKNER@DOAZLAB.COM,,[],[],0,investigate_actor_simulated,5
MARIA_JONES@DOAZLAB.COM,,[],[],0,investigate_actor_simulated,5
JUDSON_SANTIAGO@DOAZLAB.COM,,[],[],0,investigate_actor_simulated,5
CONCETTA_DOUGLAS@DOAZLAB.COM,,[],[],0,investigate_actor_simulated,5
DWIGHT_HEAD@DOAZLAB.COM,,[],[],0,investigate_actor_simulated,5
MELODY_ROMERO@DOAZLAB.COM,,[],[],0,investigate_actor_simulated,5
AURELIO_TALLEY@DOAZLAB.COM,,[],[],0,investigate_actor_simulated,5
6599695577SA@DOAZLAB.COM,,[],[],0,investigate_actor_simulated,5
MARIA_CHEN@DOAZLAB.COM,,[],[],0,investigate_actor_simulated,5
HESTER_MCCOY@DOAZLAB.COM,,[],[],0,investigate_actor_simulated,5
KAREN_ZAMORA@DOAZLAB.COM,,[],[],0,investigate_actor_simulated,5
VANCE_ANDREWS@DOAZLAB.COM,,[],[],0,investigate_actor_simulated,5
STEFANIE_MICHAEL@DOAZLAB.COM,,[],[],0,investigate_actor_simulated,5
MARLENE_RIDDLE@DOAZLAB.COM,,[],[],0,investigate_actor_simulated,5
ALBERTA_COOLEY@DOAZLAB.COM,,[],[],0,investigate_actor_simulated,5
ARMANDO_ROWE@DOAZLAB.COM,,[],[],0,investigate_actor_simulated,5
ORLANDO_CHANEY@DOAZLAB.COM,,[],[],0,investigate_actor_simulated,5
ELLA_JUAREZ@DOAZLAB.COM,,[],[],0,investigate_actor_simulated,5
TYREE_JACOBSON@DOAZLAB.COM,,[],[],0,investigate_actor_simulated,5
CHANDRA_ROSARIO@DOAZLAB.COM,,[],[],0,investigate_actor_simulated,5
BETSY_MCCONNELL@DOAZLAB.COM,,[],[],0,investigate_actor_simulated,5
LARA_MOLINA@DOAZLAB.COM,,[],[],0,investigate_actor_simulated,5
HARLEY_BARNES@DOAZLAB.COM,,[],[],0,investigate_actor_simulated,5
KATHERINE_PICKETT@DOAZLAB.COM,,[],[],0,investigate_actor_simulated,5
2243932656SA@DOAZLAB.COM,,[],[],0,investigate_actor_simulated,5
ELENA_ONEIL@DOAZLAB.COM,,[],[],0,investigate_actor_simulated,5
TRINA_GARZA@DOAZLAB.COM,,[],[],0,investigate_actor_simulated,5
PATRICA_HAMILTON@DOAZLAB.COM,,[],[],0,investigate_actor_simulated,5
ALISSA_HUFFMAN@DOAZLAB.COM,,[],[],0,investigate_actor_simulated,5
ROLAND_FLETCHER@DOAZLAB.COM,,[],[],0,investigate_actor_simulated,5
SUZETTE_LOPEZ@DOAZLAB.COM,,[],[],0,investigate_actor_simulated,5
JACKLYN_EWING@DOAZLAB.COM,,[],[],0,investigate_actor_simulated,5
CARMELA_PACE@DOAZLAB.COM,,[],[],0,investigate_actor_simulated,5
MARIETTA_BRUCE@DOAZLAB.COM,,[],[],0,investigate_actor_simulated,5
MARIANA_DUFFY@DOAZLAB.COM,,[],[],0,investigate_actor_simulated,5
WILEY_SUAREZ@DOAZLAB.COM,,[],[],0,investigate_actor_simulated,5
LORRIE_SPARKS@DOAZLAB.COM,,[],[],0,investigate_actor_simulated,5
NAOMI_BROWNING@DOAZLAB.COM,,[],[],0,investigate_actor_simulated,5
CLARICE_HARDING@DOAZLAB.COM,,[],[],0,investigate_actor_simulated,5
4744906939SA@DOAZLAB.COM,,[],[],0,investigate_actor_simulated,5
AMY_SOLIS@DOAZLAB.COM,,[],[],0,investigate_actor_simulated,5
TRACEY_BLEVINS@DOAZLAB.COM,,[],[],0,investigate_actor_simulated,5
BRIANA_WORKMAN@DOAZLAB.COM,,[],[],0,investigate_actor_simulated,5
SYDNEY_POLLARD@DOAZLAB.COM,,[],[],0,investigate_actor_simulated,5
KAYE_STAFFORD@DOAZLAB.COM,,[],[],0,investigate_actor_simulated,5
TYREE_JARVIS@DOAZLAB.COM,,[],[],0,investigate_actor_simulated,5
FRANKIE_BLANCHARD@DOAZLAB.COM,,[],[],0,investigate_actor_simulated,5
MARYLOU_BARLOW@DOAZLAB.COM,,[],[],0,investigate_actor_simulated,5
8818071913SA@DOAZLAB.COM,,[],[],0,investigate_actor_simulated,5
2376357027SA@DOAZLAB.COM,,[],[],0,investigate_actor_simulated,5
JOEY_PERKINS@DOAZLAB.COM,,[],[],0,investigate_actor_simulated,5
ALMA_BARLOW@DOAZLAB.COM,,[],[],0,investigate_actor_simulated,5
PATTI_SNIDER@DOAZLAB.COM,,[],[],0,investigate_actor_simulated,5
ADOLPH_SMALL@DOAZLAB.COM,,[],[],0,investigate_actor_simulated,5
PIERRE_GORDON@DOAZLAB.COM,,[],[],0,investigate_actor_simulated,5
ALFREDA_MEYERS@DOAZLAB.COM,,[],[],0,investigate_actor_simulated,5
ELMO_LANGLEY@DOAZLAB.COM,,[],[],0,investigate_actor_simulated,5
LORNA_KNIGHT@DOAZLAB.COM,,[],[],0,investigate_actor_simulated,5
GLENDA_RICHARD@DOAZLAB.COM,,[],[],0,investigate_actor_simulated,5
KURT_TAYLOR@DOAZLAB.COM,,[],[],0,investigate_actor_simulated,5
GUILLERMO_BRITT@DOAZLAB.COM,,[],[],0,investigate_actor_simulated,5
WILFREDO_BENNETT@DOAZLAB.COM,,[],[],0,investigate_actor_simulated,5
TERRIE_ERICKSON@DOAZLAB.COM,,[],[],0,investigate_actor_simulated,5
MARTINA_RICH@DOAZLAB.COM,,[],[],0,investigate_actor_simulated,5
ETTA_REESE@DOAZLAB.COM,,[],[],0,investigate_actor_simulated,5
TAMMIE_PRATT@DOAZLAB.COM,,[],[],0,investigate_actor_simulated,5
LUCILE_CARR@DOAZLAB.COM,,[],[],0,investigate_actor_simulated,5
CAREY_HENDRICKS@DOAZLAB.COM,,[],[],0,investigate_actor_simulated,5
7707484719SA@DOAZLAB.COM,,[],[],0,investigate_actor_simulated,5
2259425603SA@DOAZLAB.COM,,[],[],0,investigate_actor_simulated,5
SUZETTE_WILLIAM@DOAZLAB.COM,,[],[],0,investigate_actor_simulated,5
MARGARITO_GUERRERO@DOAZLAB.COM,,[],[],0,investigate_actor_simulated,5
JACKIE_NEWTON@DOAZLAB.COM,,[],[],0,investigate_actor_simulated,5
HENRIETTA_HARDIN@DOAZLAB.COM,,[],[],0,investigate_actor_simulated,5
EDWINA_WEBER@DOAZLAB.COM,,[],[],0,investigate_actor_simulated,5
KARYN_DILLON@DOAZLAB.COM,,[],[],0,investigate_actor_simulated,5
SAMUEL_NAVARRO@DOAZLAB.COM,,[],[],0,investigate_actor_simulated,5
LOLITA_MCPHERSON@DOAZLAB.COM,,[],[],0,investigate_actor_simulated,5
CLARICE_GREEN@DOAZLAB.COM,,[],[],0,investigate_actor_simulated,5
KRISTOPHER_PARK@DOAZLAB.COM,,[],[],0,investigate_actor_simulated,5
SHIRLEY_HESTER@DOAZLAB.COM,,[],[],0,investigate_actor_simulated,5
BRYAN_NICHOLSON@DOAZLAB.COM,,[],[],0,investigate_actor_simulated,5
ROLAND_BEARD@DOAZLAB.COM,,[],[],0,investigate_actor_simulated,5
EDDIE_PRICE@DOAZLAB.COM,,[],[],0,investigate_actor_simulated,5
5245873038SA@DOAZLAB.COM,,[],[],0,investigate_actor_simulated,5
LAKEISHA_CLARK@DOAZLAB.COM,,[],[],0,investigate_actor_simulated,5
CALEB_HERRERA@DOAZLAB.COM,,[],[],0,investigate_actor_simulated,5
LEIGH_MOORE@DOAZLAB.COM,,[],[],0,investigate_actor_simulated,5
LATONYA_ACOSTA@DOAZLAB.COM,,[],[],0,investigate_actor_simulated,5
LANE_PUCKETT@DOAZLAB.COM,,[],[],0,investigate_actor_simulated,5
MAYRA_GENTRY@DOAZLAB.COM,,[],[],0,investigate_actor_simulated,5
JAKE_GLASS@DOAZLAB.COM,,[],[],0,investigate_actor_simulated,5
CHRISTINA_RICHARDS@DOAZLAB.COM,,[],[],0,investigate_actor_simulated,5
LOUISE_RODRIGUEZ@DOAZLAB.COM,,[],[],0,investigate_actor_simulated,5
DOLORES_DAVID@DOAZLAB.COM,,[],[],0,investigate_actor_simulated,5
HELGA_BRENNAN@DOAZLAB.COM,,[],[],0,investigate_actor_simulated,5
CHRYSTAL_WADE@DOAZLAB.COM,,[],[],0,investigate_actor_simulated,5
CONCEPCION_SELLERS@DOAZLAB.COM,,[],[],0,investigate_actor_simulated,5
GILDA_DANIEL@DOAZLAB.COM,,[],[],0,investigate_actor_simulated,5
THERON_WILSON@DOAZLAB.COM,,[],[],0,investigate_actor_simulated,5
BRYON_CUNNINGHAM@DOAZLAB.COM,,[],[],0,investigate_actor_simulated,5
COLETTE_COOPER@DOAZLAB.COM,,[],[],0,investigate_actor_simulated,5
REGINA_BARKER@DOAZLAB.COM,,[],[],0,investigate_actor_simulated,5
ARLENE_GOULD@DOAZLAB.COM,,[],[],0,investigate_actor_simulated,5
YOUNG_VASQUEZ@DOAZLAB.COM,,[],[],0,investigate_actor_simulated,5
ANTOINE_DENNIS@DOAZLAB.COM,,[],[],0,investigate_actor_simulated,5
DWAYNE_FULTON@DOAZLAB.COM,,[],[],0,investigate_actor_simulated,5
CLIFTON_SIMS@DOAZLAB.COM,,[],[],0,investigate_actor_simulated,5
ANASTASIA_GALLOWAY@DOAZLAB.COM,,[],[],0,investigate_actor_simulated,5
MICHELE_DOYLE@DOAZLAB.COM,,[],[],0,investigate_actor_simulated,5
ASHLEY_SHELTON@DOAZLAB.COM,,[],[],0,investigate_actor_simulated,5
MARY_RUIZ@DOAZLAB.COM,,[],[],0,investigate_actor_simulated,5
RUTH_GARNER@DOAZLAB.COM,,[],[],0,investigate_actor_simulated,5
THERESA_WILKINSON@DOAZLAB.COM,,[],[],0,investigate_actor_simulated,5
BESSIE_BURTON@DOAZLAB.COM,,[],[],0,investigate_actor_simulated,5
WADE_PENA@DOAZLAB.COM,,[],[],0,investigate_actor_simulated,5
5479108440SA@DOAZLAB.COM,,[],[],0,investigate_actor_simulated,5
WALKER_STANLEY@DOAZLAB.COM,,[],[],0,investigate_actor_simulated,5
ADOLPH_COTTON@DOAZLAB.COM,,[],[],0,investigate_actor_simulated,5
BERNADETTE_JACKSON@DOAZLAB.COM,,[],[],0,investigate_actor_simulated,5
JULIO_JOHNS@DOAZLAB.COM,,[],[],0,investigate_actor_simulated,5
MARILYN_SNIDER@DOAZLAB.COM,,[],[],0,investigate_actor_simulated,5
LOGAN_DELANEY@DOAZLAB.COM,,[],[],0,investigate_actor_simulated,5
LUIS_ADAMS@DOAZLAB.COM,,[],[],0,investigate_actor_simulated,5
TERRANCE_GUERRA@DOAZLAB.COM,,[],[],0,investigate_actor_simulated,5
INEZ_HARPER@DOAZLAB.COM,,[],[],0,investigate_actor_simulated,5
SASHA_VARGAS@DOAZLAB.COM,,[],[],0,investigate_actor_simulated,5
668089907SA@DOAZLAB.COM,,[],[],0,investigate_actor_simulated,5
GEORGINA_DICKERSON@DOAZLAB.COM,,[],[],0,investigate_actor_simulated,5
RAMONA_MCGUIRE@DOAZLAB.COM,,[],[],0,investigate_actor_simulated,5
MICHAEL_GARRETT@DOAZLAB.COM,,[],[],0,investigate_actor_simulated,5
POLLY_HOLMAN@DOAZLAB.COM,,[],[],0,investigate_actor_simulated,5
GRANT_NORMAN@DOAZLAB.COM,,[],[],0,investigate_actor_simulated,5
KENDRICK_KEITH@DOAZLAB.COM,,[],[],0,investigate_actor_simulated,5
NAOMI_WHITE@DOAZLAB.COM,,[],[],0,investigate_actor_simulated,5
LYNETTE_MOODY@DOAZLAB.COM,,[],[],0,investigate_actor_simulated,5
SOPHIE_DRAKE@DOAZLAB.COM,,[],[],0,investigate_actor_simulated,5
JACK_WYNN@DOAZLAB.COM,,[],[],0,investigate_actor_simulated,5
HARRIS_CAREY@DOAZLAB.COM,,[],[],0,investigate_actor_simulated,5
MAUREEN_VELAZQUEZ@DOAZLAB.COM,,[],[],0,investigate_actor_simulated,5
GALE_PIERCE@DOAZLAB.COM,,[],[],0,investigate_actor_simulated,5
RENE_CARLSON@DOAZLAB.COM,,[],[],0,investigate_actor_simulated,5
CINDY_MANNING@DOAZLAB.COM,,[],[],0,investigate_actor_simulated,5
CARLO_FREEMAN@DOAZLAB.COM,,[],[],0,investigate_actor_simulated,5
DALE_BELL@DOAZLAB.COM,,[],[],0,investigate_actor_simulated,5
ZANE_CAMERON@DOAZLAB.COM,,[],[],0,investigate_actor_simulated,5
WILBUR_SHANNON@DOAZLAB.COM,,[],[],0,investigate_actor_simulated,5
LINDA_HERMAN@DOAZLAB.COM,,[],[],0,investigate_actor_simulated,5
COLETTE_NICHOLS@DOAZLAB.COM,,[],[],0,investigate_actor_simulated,5
OTTO_WONG@DOAZLAB.COM,,[],[],0,investigate_actor_simulated,5
LANCE_GRAVES@DOAZLAB.COM,,[],[],0,investigate_actor_simulated,5
SUMMER_CHAN@DOAZLAB.COM,,[],[],0,investigate_actor_simulated,5
EVERETTE_POOLE@DOAZLAB.COM,,[],[],0,investigate_actor_simulated,5
OCTAVIO_MEADOWS@DOAZLAB.COM,,[],[],0,investigate_actor_simulated,5
KENNITH_ONEIL@DOAZLAB.COM,,[],[],0,investigate_actor_simulated,5
CLARISSA_MURRAY@DOAZLAB.COM,,[],[],0,investigate_actor_simulated,5
MICHEL_HEWITT@DOAZLAB.COM,,[],[],0,investigate_actor_simulated,5
FLORENCE_PARKS@DOAZLAB.COM,,[],[],0,investigate_actor_simulated,5
DALLAS_MEDINA@DOAZLAB.COM,,[],[],0,investigate_actor_simulated,5
CORNELIA_WALTERS@DOAZLAB.COM,,[],[],0,investigate_actor_simulated,5
NELDA_VALENCIA@DOAZLAB.COM,,[],[],0,investigate_actor_simulated,5
BEULAH_TANNER@DOAZLAB.COM,,[],[],0,investigate_actor_simulated,5
MASON_COLON@DOAZLAB.COM,,[],[],0,investigate_actor_simulated,5
JULIE_MCKENZIE@DOAZLAB.COM,,[],[],0,investigate_actor_simulated,5
ANDREA_HEAD@DOAZLAB.COM,,[],[],0,investigate_actor_simulated,5
ELNORA_RANDALL@DOAZLAB.COM,,[],[],0,investigate_actor_simulated,5
FRANKIE_ALVAREZ@DOAZLAB.COM,,[],[],0,investigate_actor_simulated,5
ERICA_THOMPSON@DOAZLAB.COM,,[],[],0,investigate_actor_simulated,5
BENJAMIN_MCNEIL@DOAZLAB.COM,,[],[],0,investigate_actor_simulated,5
HOLLY_SHAW@DOAZLAB.COM,,[],[],0,investigate_actor_simulated,5
2396057879SA@DOAZLAB.COM,,[],[],0,investigate_actor_simulated,5
8115740532SA@DOAZLAB.COM,,[],[],0,investigate_actor_simulated,5
LAVERNE_WALLER@DOAZLAB.COM,,[],[],0,investigate_actor_simulated,5
DIRK_SILVA@DOAZLAB.COM,,[],[],0,investigate_actor_simulated,5
JAIME_LONG@DOAZLAB.COM,,[],[],0,investigate_actor_simulated,5
MICKEY_VEGA@DOAZLAB.COM,,[],[],0,investigate_actor_simulated,5
IVY_WHITEHEAD@DOAZLAB.COM,,[],[],0,investigate_actor_simulated,5
BARNEY_MCMILLAN@DOAZLAB.COM,,[],[],0,investigate_actor_simulated,5
RODNEY_FRANKLIN@DOAZLAB.COM,,[],[],0,investigate_actor_simulated,5
KRISTA_SUMMERS@DOAZLAB.COM,,[],[],0,investigate_actor_simulated,5
DINA_WEBER@DOAZLAB.COM,,[],[],0,investigate_actor_simulated,5
BERTIE_NUNEZ@DOAZLAB.COM,,[],[],0,investigate_actor_simulated,5
RAPHAEL_BOLTON@DOAZLAB.COM,,[],[],0,investigate_actor_simulated,5
VITO_GARNER@DOAZLAB.COM,,[],[],0,investigate_actor_simulated,5
ED_RIDDLE@DOAZLAB.COM,,[],[],0,investigate_actor_simulated,5
RAQUEL_DAVIS@DOAZLAB.COM,,[],[],0,investigate_actor_simulated,5
TAMMY_ANDERSON@DOAZLAB.COM,,[],[],0,investigate_actor_simulated,5
JEAN_SHEPHERD@DOAZLAB.COM,,[],[],0,investigate_actor_simulated,5
CLEO_SHAFFER@DOAZLAB.COM,,[],[],0,investigate_actor_simulated,5
CHADWICK_KNIGHT@DOAZLAB.COM,,[],[],0,investigate_actor_simulated,5
COURTNEY_HENDERSON@DOAZLAB.COM,,[],[],0,investigate_actor_simulated,5
ALISHA_THORNTON@DOAZLAB.COM,,[],[],0,investigate_actor_simulated,5
JOSE_SHELTON@DOAZLAB.COM,,[],[],0,investigate_actor_simulated,5
DENNIS_MULLINS@DOAZLAB.COM,,[],[],0,investigate_actor_simulated,5
JAKE_COOPER@DOAZLAB.COM,,[],[],0,investigate_actor_simulated,5
JAMES_HERRERA@DOAZLAB.COM,,[],[],0,investigate_actor_simulated,5
AUGUST_TILLMAN@DOAZLAB.COM,,[],[],0,investigate_actor_simulated,5
BRIDGETT_MEJIA@DOAZLAB.COM,,[],[],0,investigate_actor_simulated,5
ROSARIO_BAILEY@DOAZLAB.COM,,[],[],0,investigate_actor_simulated,5
ELMER_LINDSAY@DOAZLAB.COM,,[],[],0,investigate_actor_simulated,5
ALVIN_FRANKLIN@DOAZLAB.COM,,[],[],0,investigate_actor_simulated,5
ERIC_WONG@DOAZLAB.COM,,[],[],0,investigate_actor_simulated,5
JORDAN_BULLOCK@DOAZLAB.COM,,[],[],0,investigate_actor_simulated,5
ERROL_RODRIQUEZ@DOAZLAB.COM,,[],[],0,investigate_actor_simulated,5
BENJAMIN_DOMINGUEZ@DOAZLAB.COM,,[],[],0,investigate_actor_simulated,5
DWAYNE_PRATT@DOAZLAB.COM,,[],[],0,investigate_actor_simulated,5
ALISHA_JUAREZ@DOAZLAB.COM,,[],[],0,investigate_actor_simulated,5
LATOYA_SCOTT@DOAZLAB.COM,,[],[],0,investigate_actor_simulated,5
JEREMIAH_LUNA@DOAZLAB.COM,,[],[],0,investigate_actor_simulated,5
HENRY_CRANE@DOAZLAB.COM,,[],[],0,investigate_actor_simulated,5
4122440252SA@DOAZLAB.COM,,[],[],0,investigate_actor_simulated,5
SARAH_VAUGHN@DOAZLAB.COM,,[],[],0,investigate_actor_simulated,5
CHADWICK_KELLY@DOAZLAB.COM,,[],[],0,investigate_actor_simulated,5
AMADO_GAMBLE@DOAZLAB.COM,,[],[],0,investigate_actor_simulated,5
JARROD_ADAMS@DOAZLAB.COM,,[],[],0,investigate_actor_simulated,5
STEFAN_KELLEY@DOAZLAB.COM,,[],[],0,investigate_actor_simulated,5
LAURI_CASEY@DOAZLAB.COM,,[],[],0,investigate_actor_simulated,5
LORRAINE_CALHOUN@DOAZLAB.COM,,[],[],0,investigate_actor_simulated,5
TOM_DILLARD@DOAZLAB.COM,,[],[],0,investigate_actor_simulated,5
MAMIE_RICHARDS@DOAZLAB.COM,,[],[],0,investigate_actor_simulated,5
WINFRED_DANIEL@DOAZLAB.COM,,[],[],0,investigate_actor_simulated,5
CARLA_MCCLURE@DOAZLAB.COM,,[],[],0,investigate_actor_simulated,5
CANDY_HUMPHREY@DOAZLAB.COM,,[],[],0,investigate_actor_simulated,5
SCOTTY_MULLINS@DOAZLAB.COM,,[],[],0,investigate_actor_simulated,5
ROMEO_LAWRENCE@DOAZLAB.COM,,[],[],0,investigate_actor_simulated,5
ELISE_SAWYER@DOAZLAB.COM,,[],[],0,investigate_actor_simulated,5
LUIS.GRAVES@DOAZLAB.COM,,[],[],0,investigate_actor_simulated,5
HELOISE.BRINN@DOAZLAB.COM,,[],[],0,investigate_actor_simulated,5
DOLABSANYREAD@DOAZLAB.COM,,[],[],0,investigate_actor_simulated,5
MASON_STUART@DOAZLAB.COM,,[],[],0,investigate_actor_simulated,5
FREDA_BURNS@DOAZLAB.COM,,[],[],0,investigate_actor_simulated,5
DOLABSADEX@DOAZLAB.COM,,[],[],0,investigate_actor_simulated,5
SSILVER@DOAZLAB.COM,,[],[],0,investigate_actor_simulated,5
YVETTE_HOPPER@DOAZLAB.COM,,[],[],0,investigate_actor_simulated,5
DOLABSDA@DOAZLAB.COM,,[],[],0,investigate_actor_simulated,5
DOLABSSYNC@DOAZLAB.COM,,[],[],0,investigate_actor_simulated,5
ELLA_MEJIA@DOAZLAB.COM,,[],[],0,investigate_actor_simulated,5
NOPRIVUSER@DOAZLAB.COM,,[],[],0,investigate_actor_simulated,5
GUEST@DOAZLAB.COM,,[],[],0,investigate_actor_simulated,5
