group,meta_json
ADMINISTRATORS@DOAZLAB.COM,"{""Name"": ""ADMINISTRATORS@DOAZLAB.COM"", ""HighValue"": ""True"", ""Description"": ""Administrators have complete and unrestricted access to the computer/domain"", ""AdminCount"": ""True""}"
DOMAIN ADMINS@DOAZLAB.COM,"{""Name"": ""DOMAIN ADMINS@DOAZLAB.COM"", ""HighValue"": ""True"", ""Description"": ""Designated administrators of the domain"", ""AdminCount"": ""True""}"
ENTERPRISE ADMINS@DOAZLAB.COM,"{""Name"": ""ENTERPRISE ADMINS@DOAZLAB.COM"", ""HighValue"": ""True"", ""Description"": ""Designated administrators of the enterprise"", ""AdminCount"": ""True""}"
ENTERPRISE KEY ADMINS@DOAZLAB.COM,"{""Name"": ""ENTERPRISE KEY ADMINS@DOAZLAB.COM"", ""HighValue"": ""False"", ""Description"": ""Members of this group can perform administrative actions on key objects within the forest."", ""AdminCount"": ""True""}"
HYPER-V ADMINISTRATORS@DOAZLAB.COM,"{""Name"": ""HYPER-V ADMINISTRATORS@DOAZLAB.COM"", ""HighValue"": ""False"", ""Description"": ""Members of this group have complete and unrestricted access to all features of Hyper-V."", ""AdminCount"": ""False""}"
KEY ADMINS@DOAZLAB.COM,"{""Name"": ""KEY ADMINS@DOAZLAB.COM"", ""HighValue"": ""False"", ""Description"": ""Members of this group can perform administrative actions on key objects within the domain."", ""AdminCount"": ""True""}"
SCHEMA ADMINS@DOAZLAB.COM,"{""Name"": ""SCHEMA ADMINS@DOAZLAB.COM"", ""HighValue"": ""False"", ""Description"": ""Designated administrators of the schema"", ""AdminCount"": ""True""}"
STORAGE REPLICA ADMINISTRATORS@DOAZLAB.COM,"{""Name"": ""STORAGE REPLICA ADMINISTRATORS@DOAZLAB.COM"", ""HighValue"": ""False"", ""Description"": ""Members of this group have complete and unrestricted access to all features of Storage Replica."", ""AdminCount"": ""False""}"
DOMAIN ADMINS@DOAZLAB.COM,"{""Group"": ""DOMAIN ADMINS@DOAZLAB.COM"", ""Description"": ""Designated administrators of the domain"", ""Members"": ""8""}"
ADMINISTRATORS@DOAZLAB.COM,"{""Group"": ""ADMINISTRATORS@DOAZLAB.COM"", ""Description"": ""Administrators have complete and unrestricted access to the computer/domain"", ""Members"": ""6""}"
KEY ADMINS@DOAZLAB.COM,"{""Group"": ""KEY ADMINS@DOAZLAB.COM"", ""Description"": ""Members of this group can perform administrative actions on key objects within the domain."", ""Members"": ""3""}"
ENTERPRISE ADMINS@DOAZLAB.COM,"{""Group"": ""ENTERPRISE ADMINS@DOAZLAB.COM"", ""Description"": ""Designated administrators of the enterprise"", ""Members"": ""2""}"
SCHEMA ADMINS@DOAZLAB.COM,"{""Group"": ""SCHEMA ADMINS@DOAZLAB.COM"", ""Description"": ""Designated administrators of the schema"", ""Members"": ""2""}"
HYPER-V ADMINISTRATORS@DOAZLAB.COM,"{""Group"": ""HYPER-V ADMINISTRATORS@DOAZLAB.COM"", ""Description"": ""Members of this group have complete and unrestricted access to all features of Hyper-V."", ""Members"": ""1""}"
STORAGE REPLICA ADMINISTRATORS@DOAZLAB.COM,"{""Group"": ""STORAGE REPLICA ADMINISTRATORS@DOAZLAB.COM"", ""Description"": ""Members of this group have complete and unrestricted access to all features of Storage Replica."", ""Members"": ""1""}"
DOMAIN ADMINS@DOAZLAB.COM,"{""Group"": ""DOMAIN ADMINS@DOAZLAB.COM"", ""User"": ""ASHLEE_FIELDS@DOAZLAB.COM"", ""DisplayName"": ""ASHLEE_FIELDS"", ""Description"": ""Created with secframe.com/badblood."", ""Enabled"": ""True"", ""PWDNeverExpire"": ""False"", ""TrustedToAuth"": """", ""UncDelegation"": ""False""}"
DOMAIN ADMINS@DOAZLAB.COM,"{""Group"": ""DOMAIN ADMINS@DOAZLAB.COM"", ""User"": ""SAMUEL_NAVARRO@DOAZLAB.COM"", ""DisplayName"": ""SAMUEL_NAVARRO"", ""Description"": ""Created with secframe.com/badblood."", ""Enabled"": ""True"", ""PWDNeverExpire"": ""False"", ""TrustedToAuth"": """", ""UncDelegation"": ""False""}"
DOMAIN ADMINS@DOAZLAB.COM,"{""Group"": ""DOMAIN ADMINS@DOAZLAB.COM"", ""User"": ""GERTRUDE_GRIMES@DOAZLAB.COM"", ""DisplayName"": ""GERTRUDE_GRIMES"", ""Description"": ""Created with secframe.com/badblood."", ""Enabled"": ""True"", ""PWDNeverExpire"": ""False"", ""TrustedToAuth"": """", ""UncDelegation"": ""False""}"
DOMAIN ADMINS@DOAZLAB.COM,"{""Group"": ""DOMAIN ADMINS@DOAZLAB.COM"", ""User"": ""BENJAMIN_MCNEIL@DOAZLAB.COM"", ""DisplayName"": ""BENJAMIN_MCNEIL"", ""Description"": ""Created with secframe.com/badblood."", ""Enabled"": ""True"", ""PWDNeverExpire"": ""False"", ""TrustedToAuth"": """", ""UncDelegation"": ""False""}"
DOMAIN ADMINS@DOAZLAB.COM,"{""Group"": ""DOMAIN ADMINS@DOAZLAB.COM"", ""User"": ""DOLABSDA@DOAZLAB.COM"", ""DisplayName"": ""DOLabsDA"", ""Description"": """", ""Enabled"": ""True"", ""PWDNeverExpire"": ""False"", ""TrustedToAuth"": """", ""UncDelegation"": ""False""}"
DOMAIN ADMINS@DOAZLAB.COM,"{""Group"": ""DOMAIN ADMINS@DOAZLAB.COM"", ""User"": ""MINDY_BROCK@DOAZLAB.COM"", ""DisplayName"": ""MINDY_BROCK"", ""Description"": ""Created with secframe.com/badblood."", ""Enabled"": ""True"", ""PWDNeverExpire"": ""False"", ""TrustedToAuth"": """", ""UncDelegation"": ""False""}"
DOMAIN ADMINS@DOAZLAB.COM,"{""Group"": ""DOMAIN ADMINS@DOAZLAB.COM"", ""User"": ""DOADMIN@DOAZLAB.COM"", ""DisplayName"": """", ""Description"": ""Built-in account for administering the computer/domain"", ""Enabled"": ""True"", ""PWDNeverExpire"": ""False"", ""TrustedToAuth"": """", ""UncDelegation"": ""False""}"
DOMAIN ADMINS@DOAZLAB.COM,"{""Group"": ""DOMAIN ADMINS@DOAZLAB.COM"", ""User"": ""SSILVER@DOAZLAB.COM"", ""DisplayName"": ""Silver Sandy"", ""Description"": """", ""Enabled"": ""True"", ""PWDNeverExpire"": ""True"", ""TrustedToAuth"": """", ""UncDelegation"": ""False""}"
ADMINISTRATORS@DOAZLAB.COM,"{""Group"": ""ADMINISTRATORS@DOAZLAB.COM"", ""User"": ""RAPHAEL_BOLTON@DOAZLAB.COM"", ""DisplayName"": ""RAPHAEL_BOLTON"", ""Description"": ""Created with secframe.com/badblood."", ""Enabled"": ""True"", ""PWDNeverExpire"": ""False"", ""TrustedToAuth"": """", ""UncDelegation"": ""False""}"
ADMINISTRATORS@DOAZLAB.COM,"{""Group"": ""ADMINISTRATORS@DOAZLAB.COM"", ""User"": ""DOADMIN@DOAZLAB.COM"", ""DisplayName"": """", ""Description"": ""Built-in account for administering the computer/domain"", ""Enabled"": ""True"", ""PWDNeverExpire"": ""False"", ""TrustedToAuth"": """", ""UncDelegation"": ""False""}"
ADMINISTRATORS@DOAZLAB.COM,"{""Group"": ""ADMINISTRATORS@DOAZLAB.COM"", ""User"": ""SUZETTE_WILLIAM@DOAZLAB.COM"", ""DisplayName"": ""SUZETTE_WILLIAM"", ""Description"": ""Created with secframe.com/badblood."", ""Enabled"": ""True"", ""PWDNeverExpire"": ""False"", ""TrustedToAuth"": """", ""UncDelegation"": ""False""}"
ADMINISTRATORS@DOAZLAB.COM,"{""Group"": ""ADMINISTRATORS@DOAZLAB.COM"", ""User"": ""LINDA_HERMAN@DOAZLAB.COM"", ""DisplayName"": ""LINDA_HERMAN"", ""Description"": ""Created with secframe.com/badblood."", ""Enabled"": ""True"", ""PWDNeverExpire"": ""False"", ""TrustedToAuth"": """", ""UncDelegation"": ""False""}"
ADMINISTRATORS@DOAZLAB.COM,"{""Group"": ""ADMINISTRATORS@DOAZLAB.COM"", ""User"": ""ASHLEE_FIELDS@DOAZLAB.COM"", ""DisplayName"": ""ASHLEE_FIELDS"", ""Description"": ""Created with secframe.com/badblood."", ""Enabled"": ""True"", ""PWDNeverExpire"": ""False"", ""TrustedToAuth"": """", ""UncDelegation"": ""False""}"
ADMINISTRATORS@DOAZLAB.COM,"{""Group"": ""ADMINISTRATORS@DOAZLAB.COM"", ""User"": ""SAMUEL_NAVARRO@DOAZLAB.COM"", ""DisplayName"": ""SAMUEL_NAVARRO"", ""Description"": ""Created with secframe.com/badblood."", ""Enabled"": ""True"", ""PWDNeverExpire"": ""False"", ""TrustedToAuth"": """", ""UncDelegation"": ""False""}"
ADMINISTRATORS@DOAZLAB.COM,"{""Group"": ""ADMINISTRATORS@DOAZLAB.COM"", ""User"": ""GERTRUDE_GRIMES@DOAZLAB.COM"", ""DisplayName"": ""GERTRUDE_GRIMES"", ""Description"": ""Created with secframe.com/badblood."", ""Enabled"": ""True"", ""PWDNeverExpire"": ""False"", ""TrustedToAuth"": """", ""UncDelegation"": ""False""}"
ADMINISTRATORS@DOAZLAB.COM,"{""Group"": ""ADMINISTRATORS@DOAZLAB.COM"", ""User"": ""BENJAMIN_MCNEIL@DOAZLAB.COM"", ""DisplayName"": ""BENJAMIN_MCNEIL"", ""Description"": ""Created with secframe.com/badblood."", ""Enabled"": ""True"", ""PWDNeverExpire"": ""False"", ""TrustedToAuth"": """", ""UncDelegation"": ""False""}"
ADMINISTRATORS@DOAZLAB.COM,"{""Group"": ""ADMINISTRATORS@DOAZLAB.COM"", ""User"": ""DOLABSDA@DOAZLAB.COM"", ""DisplayName"": ""DOLabsDA"", ""Description"": """", ""Enabled"": ""True"", ""PWDNeverExpire"": ""False"", ""TrustedToAuth"": """", ""UncDelegation"": ""False""}"
ADMINISTRATORS@DOAZLAB.COM,"{""Group"": ""ADMINISTRATORS@DOAZLAB.COM"", ""User"": ""MINDY_BROCK@DOAZLAB.COM"", ""DisplayName"": ""MINDY_BROCK"", ""Description"": ""Created with secframe.com/badblood."", ""Enabled"": ""True"", ""PWDNeverExpire"": ""False"", ""TrustedToAuth"": """", ""UncDelegation"": ""False""}"
ADMINISTRATORS@DOAZLAB.COM,"{""Group"": ""ADMINISTRATORS@DOAZLAB.COM"", ""User"": ""DOADMIN@DOAZLAB.COM"", ""DisplayName"": """", ""Description"": ""Built-in account for administering the computer/domain"", ""Enabled"": ""True"", ""PWDNeverExpire"": ""False"", ""TrustedToAuth"": """", ""UncDelegation"": ""False""}"
ADMINISTRATORS@DOAZLAB.COM,"{""Group"": ""ADMINISTRATORS@DOAZLAB.COM"", ""User"": ""SSILVER@DOAZLAB.COM"", ""DisplayName"": ""Silver Sandy"", ""Description"": """", ""Enabled"": ""True"", ""PWDNeverExpire"": ""True"", ""TrustedToAuth"": """", ""UncDelegation"": ""False""}"
ADMINISTRATORS@DOAZLAB.COM,"{""Group"": ""ADMINISTRATORS@DOAZLAB.COM"", ""User"": ""SSILVER@DOAZLAB.COM"", ""DisplayName"": ""Silver Sandy"", ""Description"": """", ""Enabled"": ""True"", ""PWDNeverExpire"": ""True"", ""TrustedToAuth"": """", ""UncDelegation"": ""False""}"
ADMINISTRATORS@DOAZLAB.COM,"{""Group"": ""ADMINISTRATORS@DOAZLAB.COM"", ""User"": ""DOADMIN@DOAZLAB.COM"", ""DisplayName"": """", ""Description"": ""Built-in account for administering the computer/domain"", ""Enabled"": ""True"", ""PWDNeverExpire"": ""False"", ""TrustedToAuth"": """", ""UncDelegation"": ""False""}"
ENTERPRISE ADMINS@DOAZLAB.COM,"{""Group"": ""ENTERPRISE ADMINS@DOAZLAB.COM"", ""User"": ""SSILVER@DOAZLAB.COM"", ""DisplayName"": ""Silver Sandy"", ""Description"": """", ""Enabled"": ""True"", ""PWDNeverExpire"": ""True"", ""TrustedToAuth"": """", ""UncDelegation"": ""False""}"
ENTERPRISE ADMINS@DOAZLAB.COM,"{""Group"": ""ENTERPRISE ADMINS@DOAZLAB.COM"", ""User"": ""DOADMIN@DOAZLAB.COM"", ""DisplayName"": """", ""Description"": ""Built-in account for administering the computer/domain"", ""Enabled"": ""True"", ""PWDNeverExpire"": ""False"", ""TrustedToAuth"": """", ""UncDelegation"": ""False""}"
