name,risk
Dan Jump,2
Adam Barr,2
Alan Steiner,2
Chris Norred,2
Diane Tibbot,2
Christine Koch,2
Frank Martinez,2
Karim Manar,2
Dan Park,2
Jeff Hay,2
Garth Fort,2
Cesar Garcia,2
Christa Geller,2
Jack Creasey,2
David Maman,2
Alan Brewer,2
David Simpson,2
Anna Lidman,2
Eduard Dell,2
Spencer Low,2
Kelly Weadock,2
Molly Clark,2
Larry Zhang,2
Arturo Lopez,2
April Stewart,2
Aaron Painter,2
Andrew Ma,2
Diane Prescott,2
Arthur Yasinski,2
Brad Sutton,2
Amy Alberts,2
Steve Luper,2
Julian Isla,2
Scott Bishop,2
Kelly Krout,2
Stan Orme,2
Mike Nash,2
Jenni Merrifield,2
Keith Dishmo,2
Jose Saraiva,2
Lene Aalling,2
Barry Johnson,2
Ellen Adams,2
Ben Spain,2
David Zazzo,2
Carol Troup,2
Erika Cheley,2
Brian Groth,2
Syed Abbas,2
Peder Thode,2
Mary Cha,2
Lisa Andrews,2
Jim Lucey,2
Gareth Chan,2
Karin Lamb,2
David Hamilton,2
Merav Sror,2
Reina Cabatana,2
Robin Young,2
Peter Saddow,2
Vladimir Egorov,2
Esther Valle,2
Lori Kane,2
Cliff Diddier,2
Chen Yang,2
Bernard Tham,2
Ari Suominen,2
Anu Deshpande,2
Allan Guinot,2
Toby Nixon,2
Tad Orman,2
Jeff Williams,2
Frank Miller,2
William Vong,2
Sameer Tejani,2
Jon Jaffe,2
Mike Ray,2
Robert O'Hara,2
Lisa Miller,2
Jason Carlson,2
Jim Corbin,2
Jesus Escolar,2
Idan Rubin,2
Don Hall,2
Blaine Dockter,2
Anne Weiler,2
Allison Brown,2
Valery Ushakov,2
Tosh Meston,2
Sanjay Patel,2
Roland Wacker,2
David Derwin,2
John Yokum,2
Scott Rockfield,2
Humberto Acevedo,2
David So,2
Anders Madsen,2
Alexandre Silva,2
Stuart Munson,2
Qiong Wu,2
Michiko Osada,2
Michael Zeman,2
Maurice Taylor,2
Guido Pica,2
Jessica Arnold,2
Chase Carpenter,2
Terrence Phillip,2
Hugo Garcia,2
Jeremy Los,2
John Ganio,2
Lina Abola,2
Mark Hanson,2
Jaka Stele,2
Steven Wright,2
Dough Mahugh,2
Andrea Dunker,2
Carlos Grilo,2
Chris McGurk,2
Dan Bacon,2
Daniel Durrer,2
James Wittrell,2
Scott MacDonald,2
Renee Lo,2
Cari Drummelle,2
Alfons Parovszky,2
Matt Hink,2
Lorraine Nay,2
Iben Thorell,2
Magnus Hedlund,2
Erik Andersen,2
Corinna Bolender,2
Trey Pratt,2
John Kane,2
Parna Khot,2
Kim Ralls,2
Jan Kotas,2
Thomas Hamborg,2
Lolan Song,2
Lars Hansson,2
Jill Frank,2
Joel Lachance,2
John John,2
Jun Cao,2
Tony Wang,2
Kenneth Cools,2
Steve Masters,2
Lubor Kollar,2
Michael Ludwig,2
Michael Lund,2
Michael Sullivan,2
Ray Chow,2
Diane Glimp,2
Ken Malcolmson,2
Manueal Machado,2
Luca Dellamore,2
Ivo Salmre,2
Howard Gonzalez,2
Elizabeth Andersen,2
Denis Dehenne,2
David Wright,2
Chris Barry,2
Ayla Kol,2
Alisa Lawyer,2
Simon Rapier,2
Rob Barker,2
Hazem Abolrous,2
Ned Friend,2
Richard Tupy,2
Don Funk,2
Dave Natsuhara,2
Christian Rytt,2
Ted Bremer,2
Sean Purcell,2
Ray Mohrman,2
Mike Tiano,2
Margaret Au,2
Jesper Aaberg,2
Danni Ortman,2
Andy Jacobs,2
Mchiel Wories,2
Nuria Gonzalez,2
Ty Carlson,2
Cassie Hicks,2
Sean Chai,2
Todd Rowe,2
Tai Lee,2
Greg Winston,2
Sanjay Shah,2
Toni Poe,2
Jim Daly,2
Tom Youtsey,2
Kerim Hanif,2
Jamie Reding,2
Ye Xu,2
Marko Zajc,2
Fabrice Canel,2
Pavel Simsa,2
Vernette Price,2
Nate Sun,2
Tina Makovec,2
Neil Orint,2
Luka Abrus,2
Euan Garden,2
Eran Harel,2
Michael Ovesen,2
Kim Abercrombie,2
Rob Young,2
Terry Earls,2
Michael Mainer,2
Sven Buck,2
Eric Gruber,2
Jelle Visser,2
Erik Gubbels,2
Dominik Paiha,2
Dan Hough,2
Tina Lassila,2
Nuno Farinha,2
Maru Subrmani,2
Marc Faerber,2
Kari Furse,2
Karen Berg,2
Ian Tien,2
Scott Gode,2
Gina Boyer,2
Annelie Zubar,2
David Bossard,2
Alicia Thomber,2
Marcelo Truffat,2
Tony Madigan,2
Sunil Koduri,2
Simon Pearson,2
Paul Duffy,2
Kate Taneyhill,2
Chris Gray,2
Stephen Deming,2
Olivier Fontana,2
Michelle Fredette,2
Arlene Huff,2
Pieter Wycoff,2
Erwin Zischka,2
Lukas Keller,2
Ken Ewert,2
Justin Thorp,2
Jon Grande,2
Jo Berry,2
Hans Gufler,2
David Bradley,2
Marie Dubois,2
Kevin Kennedy,2
Kai Axford,2
Manish Chopra,2
Sunil Uppal,2
Luis Bonifaz,2
Kevin Verboort,2
Christian Jene,2
Felipe Martins,2
John Evans,2
Heinrich Fischer,2
Kirk Nason,2
Brian Cox,2
Patricia Doyle,2
Ron Gabel,2
Shmuel Yair,2
Phyllis Harris,2
Jenny Lysaker,2
Jordao Moreno,2
Josh Edwards,2
Chris Johnson,2
Kris Johnsen,2
Chris Johnson [FINANCE],2
Chris F. Johnson,2
Chris Johnson [SALES],2
