From,To,Path,Hops
CN=Dan Jump,Frank Martinez,CN=Dan Jump -> Frank Martinez,1
CN=Dan Jump,Sanjay Shah,CN=Dan Jump -> Sanjay Shah,1
CN=Dan Jump,Toni Poe,CN=Dan Jump -> Toni Poe,1
CN=Dan Jump,Jim Daly,CN=Dan Jump -> Jim Daly,1
CN=Adam Barr,Alan Steiner,CN=Adam Barr -> Alan Steiner,1
CN=Adam Barr,Diane Tibbot,CN=Adam Barr -> Diane Tibbot,1
CN=Adam Barr,Christine Koch,CN=Adam Barr -> Christine Koch,1
CN=Adam Barr,David Zazzo,CN=Adam Barr -> David Zazzo,1
CN=Adam Barr,Cassie Hicks,CN=Adam Barr -> Cassie Hicks,1
CN=Frank Martinez,Jeff Hay,CN=Frank Martinez -> Jeff Hay,1
CN=Jeff Hay,Christa Geller,CN=Jeff Hay -> Christa Geller,1
CN=Dan Park,Jack Creasey,CN=Dan Park -> Jack Creasey,1
CN=Christa Geller,Anna Lidman,CN=Christa Geller -> Anna Lidman,1
CN=Kelly Weadock,Arturo Lopez,CN=Kelly Weadock -> Arturo Lopez,1
CN=Molly Clark,Diane Prescott,CN=Molly Clark -> Diane Prescott,1
CN=Molly Clark,Sean Chai,CN=Molly Clark -> Sean Chai,1
